"Ticket","Order","Time","Symbol","Volume","Type","Direction","Price","Stop Loss","Take Profit","Commission","Swap","Profit","MAE","MFE","Comment","SL Triggered","TP Triggered","Account","Currency","Verified","Change"
"592967014","753018164","2021-05-18 10:05:14","WDOM21","1.00","sell","in","5266.50000","5278.00000","4768.00000","0.00","0.00","0.00","0.00","0.00","181006/11.500/0/RC-Filtros WDO","False","False","92666542","BRL","True","0.0"
"593085619","753159543","2021-05-18 10:40:08","WDOM21","1.00","buy","out","5261.50000","5278.00000","4768.00000","0.00","0.00","50.00","0.00","0.00","[sl 5261.500]","True","False","92666542","BRL","True","5.0"
"595403242","755926224","2021-05-20 10:05:00","WDOM21","1.00","sell","in","5296.00000","5306.00000","4796.00000","0.00","0.00","0.00","0.00","0.00","201006/10.500/0/RC-Filtros WDO","False","False","92666542","BRL","True","0.0"
"595480914","756021629","2021-05-20 10:34:29","WDOM21","1.00","buy","out","5291.00000","5306.00000","4796.00000","0.00","0.00","50.00","0.00","0.00","[sl 5291.000]","True","False","92666542","BRL","True","5.0"
"596319045","757096875","2021-05-21 11:05:04","WDOM21","1.00","buy","in","5294.50000","5284.00000","5794.00000","0.00","0.00","0.00","0.00","0.00","211106/10.500/0/RC-Filtros WDO","False","False","92666542","BRL","True","0.0"
"596356352","757144000","2021-05-21 11:16:40","WDOM21","1.00","sell","out","5313.00000","5284.00000","5794.00000","0.00","0.00","185.00","0.00","0.00","[sl 5313.000]","True","False","92666542","BRL","True","18.5"
"597647215","758786561","2021-05-25 11:05:31","WDOM21","1.00","sell","in","5320.00000","5330.50000","4820.50000","0.00","0.00","0.00","0.00","0.00","251106/10.500/0/RC-Filtros WDO","False","False","92666542","BRL","True","0.0"
"597671430","758816112","2021-05-25 11:18:27","WDOM21","1.00","buy","out","5314.50000","5330.50000","4820.50000","0.00","0.00","55.00","0.00","0.00","[sl 5314.500]","True","False","92666542","BRL","True","5.5"
"598330018","759666046","2021-05-26 11:00:00","WDOM21","1.00","sell","in","5336.00000","5346.00000","4836.00000","0.00","0.00","0.00","0.00","0.00","261101/10.500/0/RC-Filtros WDO","False","False","92666542","BRL","True","0.0"
"598376015","759725856","2021-05-26 11:26:26","WDOM21","1.00","buy","out","5329.50000","5346.00000","4836.00000","0.00","0.00","65.00","0.00","0.00","[sl 5329.500]","True","False","92666542","BRL","True","6.5"
"599085513","760650595","2021-05-27 11:25:03","WDOM21","1.00","sell","in","5283.50000","5294.00000","4784.00000","0.00","0.00","0.00","0.00","0.00","271126/10.500/0/RC-Filtros WDO","False","False","92666542","BRL","True","0.0"
"599114820","760687034","2021-05-27 11:37:06","WDOM21","1.00","buy","out","5277.00000","5294.00000","4784.00000","0.00","0.00","65.00","0.00","0.00","[sl 5277.000]","True","False","92666542","BRL","True","6.5"
"600055899","761888117","2021-05-28 13:11:01","WDOM21","1.00","sell","in","5220.50000","5230.50000","4720.50000","0.00","0.00","0.00","0.00","0.00","281311/10.500/0/RC-Filtros WDO","False","False","92666542","BRL","True","0.0"
"600083926","761924437","2021-05-28 13:35:18","WDOM21","1.00","buy","out","5230.50000","5230.50000","4720.50000","0.00","0.00","-100.00","0.00","0.00","[sl 5230.500]","True","False","92666542","BRL","True","-10.0"
"602739510","765445209","2021-06-02 14:35:03","WDON21","1.00","sell","in","5100.00000","5110.50000","4600.50000","0.00","0.00","0.00","0.00","0.00","021436/10.500/0/RC-Filtros WDO","False","False","92666542","BRL","True","0.0"
"602767607","765483683","2021-06-02 14:49:11","WDON21","1.00","buy","out","5094.00000","5110.50000","4600.50000","0.00","0.00","60.00","0.00","11.00","[sl 5094.000]","True","False","92666542","BRL","True","6.0"
"603459919","766453260","2021-06-04 12:05:00","WDON21","1.00","sell","in","5078.50000","5088.50000","4578.50000","0.00","0.00","0.00","0.00","0.00","041206/10.500/0/RC-Filtros WDO","False","False","92666542","BRL","True","0.0"
"603470947","766468236","2021-06-04 12:13:24","WDON21","1.00","buy","out","5088.50000","5088.50000","4578.50000","0.00","0.00","-100.00","-10.00","0.00","[sl 5088.500]","True","False","92666542","BRL","True","-10.0"
"604514205","767889658","2021-06-07 14:02:52","WDON21","1.00","sell","in","5048.50000","5059.00000","4549.00000","0.00","0.00","0.00","0.00","0.00","071403/10.500/0/RC-Filtros WDO","False","False","92666542","BRL","True","0.0"
"604737190","768252054","2021-06-07 17:00:00","WDON21","1.00","buy","out","5049.00000","5059.00000","4549.00000","0.00","0.00","-5.00","-10.00","8.00","071403/10.500/0/RC-Filtros WDO","False","False","92666542","BRL","True","-0.5"
"605047197","768646263","2021-06-08 10:20:04","WDON21","1.00","sell","in","5065.00000","5075.50000","4565.50000","0.00","0.00","0.00","0.00","0.00","081021/10.500/0/RC-Filtros WDO","False","False","92666542","BRL","True","0.0"
"605295258","768921565","2021-06-08 10:47:03","WDON21","1.00","buy","out","5075.50000","5075.50000","4565.50000","0.00","0.00","-105.00","-10.50","2.00","[sl 5075.500]","True","False","92666542","BRL","True","-10.5"
"609273277","773302963","2021-06-09 10:55:08","WDON21","1.00","sell","in","5051.50000","5062.00000","4552.00000","0.00","0.00","0.00","0.00","0.00","091056/10.500/0/RC-Filtros WDO","False","False","92666542","BRL","True","0.0"
"609543937","773586712","2021-06-09 11:14:17","WDON21","1.00","buy","out","5062.00000","5062.00000","4552.00000","0.00","0.00","-105.00","-10.50","6.50","[sl 5062.000]","True","False","92666542","BRL","True","-10.5"
"613366410","777666523","2021-06-10 10:19:46","WDON21","1.00","sell","in","5054.50000","5065.00000","4555.00000","0.00","0.00","0.00","0.00","0.00","101020/10.500/0/RC-Filtros WDO","False","False","92666542","BRL","True","0.0"
"613491092","777797989","2021-06-10 10:28:39","WDON21","1.00","buy","out","5065.00000","5065.00000","4555.00000","0.00","0.00","-105.00","-12.00","1.50","[sl 5065.000]","True","False","92666542","BRL","True","-10.5"
"617847321","782743627","2021-06-11 16:00:00","WDON21","1.00","sell","in","5122.50000","5133.00000","4623.00000","0.00","0.00","0.00","0.00","0.00","111601/10.500/0/RC-Filtros WDO","False","False","92666542","BRL","True","0.0"
"617893887","782819107","2021-06-11 16:51:32","WDON21","1.00","buy","out","5133.00000","5133.00000","4623.00000","0.00","0.00","-105.00","-10.50","0.00","[sl 5133.000]","True","False","92666542","BRL","True","-10.5"
"618069087","783051700","2021-06-14 10:06:08","WDON21","1.00","sell","in","5091.50000","5102.00000","4592.00000","0.00","0.00","0.00","0.00","0.00","141006/10.500/0/RC-Filtros WDO","False","False","92666542","BRL","True","0.0"
"618932724","783990843","2021-06-14 12:14:57","WDON21","1.00","buy","out","5069.50000","5102.00000","4592.00000","0.00","0.00","220.00","-5.50","27.00","[sl 5069.500]","True","False","92666542","BRL","True","22.0"
"620378703","785812905","2021-06-15 12:35:09","WDON21","1.00","buy","in","5095.00000","5084.50000","5594.50000","0.00","0.00","0.00","0.00","0.00","151236/10.500/0/RC-Filtros WDO","False","False","92666542","BRL","True","0.0"
"620587548","786108204","2021-06-15 14:23:44","WDON21","1.00","sell","out","5084.50000","5084.50000","5594.50000","0.00","0.00","-105.00","-10.50","9.00","[sl 5084.500]","True","False","92666542","BRL","True","-10.5"
"621349898","787143315","2021-06-16 12:00:00","WDON21","1.00","sell","in","5023.00000","5033.50000","4523.50000","0.00","0.00","0.00","0.00","0.00","161201/10.500/0/RC-Filtros WDO","False","False","92666542","BRL","True","0.0"
"621377868","787180366","2021-06-16 12:10:37","WDON21","1.00","buy","out","5021.00000","5033.50000","4523.50000","0.00","0.00","20.00","-3.50","10.00","[sl 5021.000]","True","False","92666542","BRL","True","2.0"
"622696508","788933294","2021-06-17 12:35:07","WDON21","1.00","sell","in","5016.00000","5026.50000","4516.50000","0.00","0.00","0.00","0.00","0.00","171236/10.500/0/RC-Filtros WDO","False","False","92666542","BRL","True","0.0"
"622717392","788960609","2021-06-17 12:40:51","WDON21","1.00","buy","out","5026.00000","5026.50000","4516.50000","0.00","0.00","-100.00","-10.00","1.00","[sl 5026.000]","True","False","92666542","BRL","True","-10.0"
"623382260","789869069","2021-06-18 10:00:29","WDON21","1.00","sell","in","5004.50000","5015.00000","4505.00000","0.00","0.00","0.00","0.00","0.00","181001/10.500/0/RC-Filtros WDO","False","False","92666542","BRL","True","0.0"
"623411893","789904479","2021-06-18 10:06:06","WDON21","1.00","buy","out","5002.50000","5015.00000","4505.00000","0.00","0.00","20.00","-10.00","6.50","[sl 5002.500]","True","False","92666542","BRL","True","2.0"
"624900577","791859570","2021-06-21 10:05:00","WDON21","1.00","sell","in","5047.00000","5057.00000","4547.00000","0.00","0.00","0.00","0.00","0.00","211006/10.500/0/RC-Filtros WDO","False","False","92666542","BRL","True","0.0"
"624963366","791941040","2021-06-21 10:24:56","WDON21","1.00","buy","out","5045.00000","5057.00000","4547.00000","0.00","0.00","20.00","-5.00","6.50","[sl 5045.000]","True","False","92666542","BRL","True","2.0"
"626590829","794179058","2021-06-22 14:39:59","WDON21","1.00","sell","in","5001.00000","5011.50000","4501.50000","0.00","0.00","0.00","0.00","0.00","221441/10.500/0/RC-Filtros WDO","False","False","92666542","BRL","True","0.0"
"626600552","794192154","2021-06-22 14:43:31","WDON21","1.00","buy","out","4999.00000","5011.50000","4501.50000","0.00","0.00","20.00","-1.50","6.00","[sl 4999.000]","True","False","92666542","BRL","True","2.0"
"627209054","795037163","2021-06-23 10:39:59","WDON21","1.00","sell","in","4961.50000","4972.00000","4462.00000","0.00","0.00","0.00","0.00","0.00","231041/10.500/0/RC-Filtros WDO","False","False","92666542","BRL","True","0.0"
"627236502","795075523","2021-06-23 10:48:22","WDON21","1.00","buy","out","4955.50000","4972.00000","4462.00000","0.00","0.00","60.00","0.00","11.50","[sl 4955.500]","True","False","92666542","BRL","True","6.0"
"628355357","796609365","2021-06-24 11:00:01","WDON21","1.00","sell","in","4933.50000","4944.50000","4434.50000","0.00","0.00","0.00","0.00","0.00","241101/10.500/0/RC-Filtros WDO","False","False","92666542","BRL","True","0.0"
"628368160","796626402","2021-06-24 11:03:26","WDON21","1.00","buy","out","4931.50000","4944.50000","4434.50000","0.00","0.00","20.00","0.00","2.00","[sl 4931.500]","True","False","92666542","BRL","True","2.0"
"629762092","798533034","2021-06-25 13:30:00","WDON21","1.00","buy","in","4935.00000","4924.50000","5434.50000","0.00","0.00","0.00","0.00","0.00","251331/10.500/0/RC-Filtros WDO","False","False","92666542","BRL","True","0.0"
"629855346","798668375","2021-06-25 14:21:07","WDON21","1.00","sell","out","4955.00000","4924.50000","5434.50000","0.00","0.00","200.00","-3.00","25.00","[sl 4955.000]","True","False","92666542","BRL","True","20.0"
"630752009","799981321","2021-06-28 12:01:59","WDON21","1.00","sell","in","4939.00000","4949.50000","4439.50000","0.00","0.00","0.00","0.00","0.00","281201/10.500/0/RC-Filtros WDO","False","False","92666542","BRL","True","0.0"
"630782666","800031015","2021-06-28 12:19:16","WDON21","1.00","buy","out","4949.50000","4949.50000","4439.50000","0.00","0.00","-105.00","-11.00","4.00","[sl 4949.500]","True","False","92666542","BRL","True","-10.5"
"631764278","801500558","2021-06-29 12:10:00","WDON21","1.00","buy","in","4951.50000","4941.00000","5451.00000","0.00","0.00","0.00","0.00","0.00","291211/10.500/0/RC-Filtros WDO","False","False","92666542","BRL","True","0.0"
"631787628","801536078","2021-06-29 12:19:46","WDON21","1.00","sell","out","4941.00000","4941.00000","5451.00000","0.00","0.00","-105.00","-10.50","0.00","[sl 4941.000]","True","False","92666542","BRL","True","-10.5"
"632834656","803315702","2021-06-30 12:40:00","WDOQ21","1.00","buy","in","5034.00000","5023.50000","5533.50000","0.00","0.00","0.00","0.00","0.00","301241/10.500/0/RC-Filtros WDO","False","False","92666542","BRL","True","0.0"
"632867647","803378158","2021-06-30 12:59:01","WDOQ21","1.00","sell","out","5023.50000","5023.50000","5533.50000","0.00","0.00","-105.00","-11.00","6.00","[sl 5023.500]","True","False","92666542","BRL","True","-10.5"
"633330716","804303702","2021-07-01 10:05:01","WDOQ21","1.00","sell","in","4965.00000","4975.50000","4465.50000","0.00","0.00","0.00","0.00","0.00","011006/10.500/0/RC-Filtros WDO","False","False","92666542","BRL","True","0.0"
"633361065","804343355","2021-07-01 10:13:52","WDOQ21","1.00","buy","out","4975.50000","4975.50000","4465.50000","0.00","0.00","-105.00","-10.50","0.50","[sl 4975.500]","True","False","92666542","BRL","True","-10.5"
"639827556","813465552","2021-07-08 14:39:59","WDOQ21","1.00","sell","in","5253.50000","5264.00000","4754.00000","0.00","0.00","0.00","0.00","0.00","081441/10.500/0/RC-Filtros WDO","False","False","92666542","BRL","True","0.0"
"639897623","813572242","2021-07-08 15:15:00","WDOQ21","1.00","buy","out","5261.50000","5264.00000","4754.00000","0.00","0.00","-80.00","-9.00","6.00","081441/10.500/0/RC-Filtros WDO","False","False","92666542","BRL","True","-8.0"
"640605776","814646093","2021-07-12 12:00:01","WDOQ21","1.00","sell","in","5224.50000","5235.50000","4725.50000","0.00","0.00","0.00","0.00","0.00","121201/10.500/0/RC-Filtros WDO","False","False","92666542","BRL","True","0.0"
"640648333","814713879","2021-07-12 12:16:56","WDOQ21","1.00","buy","out","5218.00000","5235.50000","4725.50000","0.00","0.00","65.00","-6.00","11.50","[sl 5218.000]","True","False","92666542","BRL","True","6.5"
"641473873","816020388","2021-07-13 10:44:59","WDOQ21","1.00","buy","in","5219.00000","5208.50000","5718.50000","0.00","0.00","0.00","0.00","0.00","131046/10.500/0/RC-Filtros WDO","False","False","92666542","BRL","True","0.0"
"641483305","816033315","2021-07-13 10:47:30","WDOQ21","1.00","sell","out","5208.50000","5208.50000","5718.50000","0.00","0.00","-105.00","-10.50","2.50","[sl 5208.500]","True","False","92666542","BRL","True","-10.5"
"642438915","817391756","2021-07-14 10:05:05","WDOQ21","1.00","sell","in","5108.00000","5118.50000","4608.50000","0.00","0.00","0.00","0.00","0.00","141006/10.500/0/RC-Filtros WDO","False","False","92666542","BRL","True","0.0"
"642470206","817437762","2021-07-14 10:16:21","WDOQ21","1.00","buy","out","5118.50000","5118.50000","4608.50000","0.00","0.00","-105.00","-12.00","3.50","[sl 5118.500]","True","False","92666542","BRL","True","-10.5"
"648208145","825946737","2021-07-20 14:00:01","WDOQ21","1.00","sell","in","5215.00000","5225.50000","4715.50000","0.00","0.00","0.00","0.00","0.00","201401/10.500/0/RC-Filtros WDO","False","False","92666542","BRL","True","0.0"
"648226006","825976278","2021-07-20 14:08:58","WDOQ21","1.00","buy","out","5225.50000","5225.50000","4715.50000","0.00","0.00","-105.00","-10.50","0.00","[sl 5225.500]","True","False","92666542","BRL","True","-10.5"
"649031832","827346769","2021-07-21 11:20:07","WDOQ21","1.00","buy","in","5265.50000","5255.00000","5765.00000","0.00","0.00","0.00","0.00","0.00","211121/10.500/0/RC-Filtros WDO","False","False","92666542","BRL","True","0.0"
"649090189","827457545","2021-07-21 11:37:37","WDOQ21","1.00","sell","out","5276.50000","5255.00000","5765.00000","0.00","0.00","110.00","-2.50","18.00","[sl 5276.500]","True","False","92666542","BRL","True","11.0"
"650671326","830230613","2021-07-22 15:25:25","WDOQ21","1.00","buy","in","5212.50000","5203.00000","5713.00000","0.00","0.00","0.00","0.00","0.00","221526/11.000/0/RC-Filtros WDO","False","False","92666542","BRL","True","0.0"
"650718499","830327990","2021-07-22 16:00:00","WDOQ21","1.00","sell","out","5210.00000","5203.00000","5713.00000","0.00","0.00","-25.00","-5.50","6.50","221526/11.000/0/RC-Filtros WDO","False","False","92666542","BRL","True","-2.5"
"650965364","830773359","2021-07-23 10:00:00","WDOQ21","1.00","sell","in","5166.00000","5177.00000","4667.00000","0.00","0.00","0.00","0.00","0.00","231001/11.000/0/RC-Filtros WDO","False","False","92666542","BRL","True","0.0"
"651069594","830933215","2021-07-23 10:38:05","WDOQ21","1.00","buy","out","5177.00000","5177.00000","4667.00000","0.00","0.00","-110.00","-11.00","2.50","[sl 5177.000]","True","False","92666542","BRL","True","-11.0"
"652090034","832427142","2021-07-26 10:20:00","WDOQ21","1.00","sell","in","5212.50000","5223.00000","4713.00000","0.00","0.00","0.00","0.00","0.00","261021/10.500/0/RC-Filtros WDO","False","False","92666542","BRL","True","0.0"
"652108924","832454473","2021-07-26 10:28:31","WDOQ21","1.00","buy","out","5223.00000","5223.00000","4713.00000","0.00","0.00","-105.00","-10.50","1.00","[sl 5223.000]","True","False","92666542","BRL","True","-10.5"
"653278963","833990736","2021-07-27 12:00:00","WDOQ21","1.00","sell","in","5166.00000","5181.50000","4666.50000","0.00","0.00","0.00","0.00","0.00","271201/15.500/0/RC-Filtros WDO","False","False","92666542","BRL","True","0.0"
"653297502","834013249","2021-07-27 12:07:46","WDOQ21","1.00","buy","out","5161.00000","5181.50000","4666.50000","0.00","0.00","50.00","0.00","10.50","[sl 5161.000]","True","False","92666542","BRL","True","5.0"
"654074680","835032440","2021-07-28 10:25:01","WDOQ21","1.00","sell","in","5153.50000","5169.50000","4654.50000","0.00","0.00","0.00","0.00","0.00","281026/16.000/0/RC-Filtros WDO","False","False","92666542","BRL","True","0.0"
"654186838","835176241","2021-07-28 10:50:28","WDOQ21","1.00","buy","out","5143.50000","5169.50000","4654.50000","0.00","0.00","100.00","-10.00","17.50","[sl 5143.500]","True","False","92666542","BRL","True","10.0"
"655572461","836941421","2021-07-29 10:45:00","WDOQ21","1.00","sell","in","5075.50000","5091.00000","5026.00000","0.00","0.00","0.00","0.00","0.00","291046/15.500/0/RC-Filtros WDO","False","False","92666542","BRL","True","0.0"
"655617657","836995022","2021-07-29 10:54:59","WDOQ21","1.00","buy","out","5087.00000","5091.00000","5026.00000","0.00","0.00","-115.00","-14.00","5.00","291046/15.500/0/RC-Filtros WDO","False","False","92666542","BRL","True","-11.5"
"660080148","842764341","2021-08-03 14:00:00","WDOU21","1.00","sell","in","5250.50000","5266.00000","5201.00000","0.00","0.00","0.00","0.00","0.00","031401/15.500/0/RC-Filtros WDO","False","False","92666542","BRL","True","0.0"
"660131943","842831371","2021-08-03 14:16:08","WDOU21","1.00","buy","out","5239.50000","5266.00000","5201.00000","0.00","0.00","110.00","0.00","18.50","[sl 5239.500]","True","False","92666542","BRL","True","11.0"
"662378456","845834344","2021-08-05 10:00:01","WDOU21","1.00","sell","in","5156.00000","5171.50000","5106.50000","0.00","0.00","0.00","0.00","0.00","051001/15.500/0/RC-Filtros WDO","False","False","92666542","BRL","True","0.0"
"662479116","845956959","2021-08-05 10:18:54","WDOU21","1.00","buy","out","5146.50000","5171.50000","5106.50000","0.00","0.00","95.00","-8.50","17.00","[sl 5146.500]","True","False","92666542","BRL","True","9.5"
"681908278","875325921","2021-08-24 13:34:59","WDOU21","1.00","sell","in","5269.00000","5284.50000","5219.50000","0.00","0.00","0.00","0.00","0.00","241336/15.500/0/RC-Filtros WDO","False","False","92666542","BRL","True","0.0"
"681927958","875352206","2021-08-24 13:44:51","WDOU21","1.00","buy","out","5264.00000","5284.50000","5219.50000","0.00","0.00","50.00","0.00","11.00","[sl 5264.000]","True","False","92666542","BRL","True","5.0"
"686453882","883086694","2021-09-01 10:34:59","WDOV21","1.00","sell","in","5176.50000","5192.00000","5127.00000","0.00","0.00","0.00","0.00","0.00","011036/15.500/0/RC-Filtros WDO","False","False","92666542","BRL","True","0.0"
"686716527","883503809","2021-09-01 12:28:03","WDOV21","1.00","buy","out","5192.00000","5192.00000","5127.00000","0.00","0.00","-155.00","-15.50","9.50","[sl 5192.000]","True","False","92666542","BRL","True","-15.5"
"688815822","887059628","2021-09-03 10:54:59","WDOV21","1.00","sell","in","5192.00000","5207.00000","5142.00000","0.00","0.00","0.00","0.00","0.00","031056/15.000/0/RC-Filtros WDO","False","False","92666542","BRL","True","0.0"
"688859032","887123083","2021-09-03 11:06:46","WDOV21","1.00","buy","out","5207.00000","5207.00000","5142.00000","0.00","0.00","-150.00","-17.50","0.50","[sl 5207.000]","True","False","92666542","BRL","True","-15.0"
"690755485","889859828","2021-09-08 10:10:00","WDOV21","1.00","buy","in","5239.50000","5224.00000","5289.00000","0.00","0.00","0.00","0.00","0.00","081011/15.000/0/RC-Filtros WDO","False","False","92666542","BRL","True","0.0"
"690934090","890089930","2021-09-08 10:55:05","WDOV21","1.00","sell","out","5244.50000","5224.00000","5289.00000","0.00","0.00","50.00","-8.00","12.00","[sl 5244.500]","True","False","92666542","BRL","True","5.0"
"696424758","898020202","2021-09-13 15:49:59","WDOV21","1.00","sell","in","5243.50000","5259.00000","5194.00000","0.00","0.00","0.00","0.00","0.00","131551/15.000/0/RC-Filtros WDO","False","False","92666542","BRL","True","0.0"
"696533767","898235970","2021-09-13 16:59:59","WDOV21","1.00","buy","out","5238.00000","5259.00000","5194.00000","0.00","0.00","55.00","-7.50","7.50","131551/15.500/0/RC-Filtros WDO","False","False","92666542","BRL","True","5.5"
"697417691","899673649","2021-09-14 13:25:00","WDOV21","1.00","buy","in","5248.50000","5233.50000","5298.50000","0.00","0.00","0.00","0.00","0.00","141326/15.500/0/RC-Filtros WDO","False","False","92666542","BRL","True","0.0"
"697454814","899729500","2021-09-14 13:54:04","WDOV21","1.00","sell","out","5253.50000","5233.50000","5298.50000","0.00","0.00","50.00","-4.50","11.00","[sl 5253.500]","True","False","92666542","BRL","True","5.0"
"698824126","901966060","2021-09-15 15:49:59","WDOV21","1.00","sell","in","5260.50000","5276.00000","5211.00000","0.00","0.00","0.00","0.00","0.00","151551/15.500/0/RC-Filtros WDO","False","False","92666542","BRL","True","0.0"
"698886492","902069449","2021-09-15 16:33:12","WDOV21","1.00","buy","out","5255.50000","5276.00000","5211.00000","0.00","0.00","50.00","-5.50","10.50","[sl 5255.500]","True","False","92666542","BRL","True","5.0"
"699686004","903310995","2021-09-16 13:25:00","WDOV21","1.00","buy","in","5270.00000","5255.00000","5320.00000","0.00","0.00","0.00","0.00","0.00","161326/15.000/0/RC-Filtros WDO","False","False","92666542","BRL","True","0.0"
"699862758","903637516","2021-09-16 15:54:26","WDOV21","1.00","sell","out","5284.50000","5255.00000","5320.00000","0.00","0.00","145.00","-5.00","22.00","[sl 5284.500]","True","False","92666542","BRL","True","14.5"
"703271990","909073851","2021-09-21 14:49:59","WDOV21","1.00","sell","in","5284.00000","5299.50000","5234.50000","0.00","0.00","0.00","0.00","0.00","211451/15.000/0/RC-Filtros WDO","False","False","92666542","BRL","True","0.0"
"703400663","909297325","2021-09-21 16:02:02","WDOV21","1.00","buy","out","5279.00000","5299.50000","5234.50000","0.00","0.00","50.00","-14.00","12.50","[sl 5279.000]","True","False","92666542","BRL","True","5.0"
"703864084","910015949","2021-09-22 11:05:00","WDOV21","1.00","sell","in","5285.50000","5301.00000","5236.00000","0.00","0.00","0.00","0.00","0.00","221106/15.000/0/RC-Filtros WDO","False","False","92666542","BRL","True","0.0"
"704218908","910573015","2021-09-22 15:00:01","WDOV21","1.00","buy","out","5301.00000","5301.00000","5236.00000","0.00","0.00","-155.00","-15.50","9.50","[sl 5301.000]","True","False","92666542","BRL","True","-15.5"
"704927641","911615270","2021-09-23 10:45:01","WDOV21","1.00","sell","in","5289.00000","5305.00000","5240.00000","0.00","0.00","0.00","0.00","0.00","231046/16.000/0/RC-Filtros WDO","False","False","92666542","BRL","True","0.0"
"705071098","911802234","2021-09-23 11:26:52","WDOV21","1.00","buy","out","5305.00000","5305.00000","5240.00000","0.00","0.00","-160.00","-16.00","6.50","[sl 5305.000]","True","False","92666542","BRL","True","-16.0"
"706304722","913901096","2021-09-24 14:35:02","WDOV21","1.00","sell","in","5340.50000","5356.00000","5291.00000","0.00","0.00","0.00","0.00","0.00","241436/15.500/0/RC-Filtros WDO","False","False","92666542","BRL","True","0.0"
"706452028","914257913","2021-09-24 16:59:59","WDOV21","1.00","buy","out","5349.00000","5356.00000","5291.00000","0.00","0.00","-85.00","-15.00","3.00","241436/15.500/0/RC-Filtros WDO","False","False","92666542","BRL","True","-8.5"
"706688370","914763945","2021-09-27 10:30:00","WDOV21","1.00","sell","in","5343.50000","5359.00000","5294.00000","0.00","0.00","0.00","0.00","0.00","271031/15.500/0/RC-Filtros WDO","False","False","92666542","BRL","True","0.0"
"706770685","914954030","2021-09-27 10:52:00","WDOV21","1.00","buy","out","5338.50000","5359.00000","5294.00000","0.00","0.00","50.00","-8.00","12.00","[sl 5338.500]","True","False","92666542","BRL","True","5.0"
"709448363","919752759","2021-09-29 11:30:00","WDOV21","1.00","sell","in","5422.50000","5437.00000","5372.00000","0.00","0.00","0.00","0.00","0.00","291131/15.500/0/RC-Filtros WDO","False","False","92666542","BRL","True","0.0"
"709609123","920034393","2021-09-29 12:26:17","WDOV21","1.00","buy","out","5399.50000","5437.00000","5372.00000","0.00","0.00","230.00","-6.00","32.50","[sl 5399.500]","True","False","92666542","BRL","True","23.0"
"711553349","923739002","2021-09-30 14:44:59","WDOX21","1.00","buy","in","5488.00000","5472.50000","5537.50000","0.00","0.00","0.00","0.00","0.00","301446/15.000/0/RC-Filtros WDO","False","False","92666542","BRL","True","0.0"
"711651237","924006980","2021-09-30 15:29:53","WDOX21","1.00","sell","out","5493.00000","5472.50000","5537.50000","0.00","0.00","50.00","-8.50","12.00","[sl 5493.000]","True","False","92666542","BRL","True","5.0"
"712088964","925036138","2021-10-01 10:00:00","WDOX21","1.00","sell","in","5442.50000","5458.00000","5393.00000","0.00","0.00","0.00","0.00","0.00","011001/15.000/0/RC-Filtros WDO","False","False","92666542","BRL","True","0.0"
"712242204","925297450","2021-10-01 10:38:16","WDOX21","1.00","buy","out","5412.00000","5458.00000","5393.00000","0.00","0.00","305.00","-1.00","37.50","[sl 5412.000]","True","False","92666542","BRL","True","30.5"
"719837666","938057899","2021-10-08 13:45:00","WDOX21","1.00","buy","in","5544.00000","5529.00000","5594.00000","0.00","0.00","0.00","0.00","0.00","081346/15.000/0/RC-Filtros WDO","False","False","92666542","BRL","True","0.0"
"719916406","938272293","2021-10-08 14:50:15","WDOX21","1.00","sell","out","5529.00000","5529.00000","5594.00000","0.00","0.00","-150.00","-15.00","5.50","[sl 5529.000]","True","False","92666542","BRL","True","-15.0"
"721488745","940985785","2021-10-13 10:39:59","WDOX21","1.00","sell","in","5537.50000","5553.00000","5488.00000","0.00","0.00","0.00","0.00","0.00","131041/14.500/0/RC-Filtros WDO","False","False","92666542","BRL","True","0.0"
"721521751","941049085","2021-10-13 10:46:39","WDOX21","1.00","buy","out","5553.00000","5553.00000","5488.00000","0.00","0.00","-155.00","-18.00","1.00","[sl 5553.000]","True","False","92666542","BRL","True","-15.5"
"722925808","944318250","2021-10-14 11:54:59","WDOX21","1.00","sell","in","5511.50000","5526.50000","5461.50000","0.00","0.00","0.00","0.00","0.00","141156/15.000/0/RC-Filtros WDO","False","False","92666542","BRL","True","0.0"
"722956367","944378515","2021-10-14 12:05:00","WDOX21","1.00","buy","out","5523.50000","5526.50000","5461.50000","0.00","0.00","-120.00","-12.00","0.00","141156/15.000/0/RC-Filtros WDO","False","False","92666542","BRL","True","-12.0"
"724026097","947044069","2021-10-15 10:50:00","WDOX21","1.00","sell","in","5498.50000","5514.50000","5449.50000","0.00","0.00","0.00","0.00","0.00","151051/15.000/0/RC-Filtros WDO","False","False","92666542","BRL","True","0.0"
"724064765","947131211","2021-10-15 10:58:58","WDOX21","1.00","buy","out","5479.00000","5514.50000","5449.50000","0.00","0.00","195.00","0.00","26.50","[sl 5479.000]","True","False","92666542","BRL","True","19.5"
"726553528","951161784","2021-10-19 10:00:01","WDOX21","1.00","buy","in","5574.50000","5559.00000","5624.00000","0.00","0.00","0.00","0.00","0.00","191001/15.000/0/RC-Filtros WDO","False","False","92666542","BRL","True","0.0"
"726627199","951258970","2021-10-19 10:23:49","WDOX21","1.00","sell","out","5559.00000","5559.00000","5624.00000","0.00","0.00","-155.00","-15.50","0.00","[sl 5559.000]","True","False","92666542","BRL","True","-15.5"
"728182553","953289274","2021-10-20 10:15:00","WDOX21","1.00","sell","in","5567.50000","5582.50000","5517.50000","0.00","0.00","0.00","0.00","0.00","201016/15.000/0/RC-Filtros WDO","False","False","92666542","BRL","True","0.0"
"728252642","953391446","2021-10-20 10:28:55","WDOX21","1.00","buy","out","5582.50000","5582.50000","5517.50000","0.00","0.00","-150.00","-15.00","6.50","[sl 5582.500]","True","False","92666542","BRL","True","-15.0"
"730411661","956423567","2021-10-21 12:00:00","WDOX21","1.00","sell","in","5633.50000","5649.00000","5584.00000","0.00","0.00","0.00","0.00","0.00","211201/15.000/0/RC-Filtros WDO","False","False","92666542","BRL","True","0.0"
"730433821","956455966","2021-10-21 12:05:16","WDOX21","1.00","buy","out","5649.00000","5649.00000","5584.00000","0.00","0.00","-155.00","-15.50","0.00","[sl 5649.000]","True","False","92666542","BRL","True","-15.5"
"735017037","962236496","2021-10-25 12:00:00","WDOX21","1.00","sell","in","5594.50000","5610.00000","5545.00000","0.00","0.00","0.00","0.00","0.00","251201/15.000/0/RC-Filtros WDO","False","False","92666542","BRL","True","0.0"
"735118956","962382553","2021-10-25 12:30:39","WDOX21","1.00","buy","out","5610.00000","5610.00000","5545.00000","0.00","0.00","-155.00","-15.50","9.00","[sl 5610.000]","True","False","92666542","BRL","True","-15.5"
"737586903","965858626","2021-10-27 11:05:03","WDOX21","1.00","sell","in","5562.50000","5577.00000","5512.00000","0.00","0.00","0.00","0.00","0.00","271106/15.000/0/RC-Filtros WDO","False","False","92666542","BRL","True","0.0"
"737626443","965910105","2021-10-27 11:15:37","WDOX21","1.00","buy","out","5549.50000","5577.00000","5512.00000","0.00","0.00","130.00","-7.50","20.50","[sl 5549.500]","True","False","92666542","BRL","True","13.0"
"740154119","969158373","2021-10-28 15:54:59","WDOX21","1.00","buy","in","5610.00000","5594.50000","5659.50000","0.00","0.00","0.00","0.00","0.00","281556/15.000/0/RC-Filtros WDO","False","False","92666542","BRL","True","0.0"
"740231819","969269246","2021-10-28 16:26:40","WDOX21","1.00","sell","out","5625.00000","5594.50000","5659.50000","0.00","0.00","150.00","-0.50","22.50","[sl 5625.000]","True","False","92666542","BRL","True","15.0"
"744692987","975245417","2021-11-03 15:39:59","WDOZ21","1.00","sell","in","5644.50000","5659.00000","5594.00000","0.00","0.00","0.00","0.00","0.00","031541/15.000/0/RC-Filtros WDO","False","False","92666542","BRL","True","0.0"
"744751468","975314228","2021-11-03 15:53:47","WDOZ21","1.00","buy","out","5618.50000","5659.00000","5594.00000","0.00","0.00","260.00","0.00","33.50","[sl 5618.500]","True","False","92666542","BRL","True","26.0"
"746738212","977855246","2021-11-05 10:00:01","WDOZ21","1.00","sell","in","5594.50000","5610.50000","5545.50000","0.00","0.00","0.00","0.00","0.00","051001/15.000/0/RC-Filtros WDO","False","False","92666542","BRL","True","0.0"
"746922013","978099073","2021-11-05 10:47:52","WDOZ21","1.00","buy","out","5561.00000","5610.50000","5545.50000","0.00","0.00","335.00","-12.00","41.00","[sl 5561.000]","True","False","92666542","BRL","True","33.5"
"748762728","980451520","2021-11-08 14:35:01","WDOZ21","1.00","sell","in","5561.50000","5576.50000","5511.50000","0.00","0.00","0.00","0.00","0.00","081436/15.000/0/RC-Filtros WDO","False","False","92666542","BRL","True","0.0"
"748885962","980616197","2021-11-08 15:50:44","WDOZ21","1.00","buy","out","5576.50000","5576.50000","5511.50000","0.00","0.00","-150.00","-15.00","2.50","[sl 5576.500]","True","False","92666542","BRL","True","-15.0"
"751829286","984736574","2021-11-11 10:35:00","WDOZ21","1.00","sell","in","5452.50000","5468.00000","5403.00000","0.00","0.00","0.00","0.00","0.00","111036/15.000/0/RC-Filtros WDO","False","False","92666542","BRL","True","0.0"
"752059979","985059610","2021-11-11 11:58:00","WDOZ21","1.00","buy","out","5425.50000","5468.00000","5403.00000","0.00","0.00","270.00","-11.00","34.50","[sl 5425.500]","True","False","92666542","BRL","True","27.0"
"754678584","988535023","2021-11-16 14:15:00","WDOZ21","1.00","buy","in","5519.00000","5504.00000","5569.00000","0.00","0.00","0.00","0.00","0.00","161416/15.000/0/RC-Filtros WDO","False","False","92666542","BRL","True","0.0"
"754834197","988776314","2021-11-16 16:27:53","WDOZ21","1.00","sell","out","5504.00000","5504.00000","5569.00000","0.00","0.00","-150.00","-15.00","2.50","[sl 5504.000]","True","False","92666542","BRL","True","-15.0"
"755407370","989518483","2021-11-17 11:30:04","WDOZ21","1.00","sell","in","5521.00000","5536.50000","5471.50000","0.00","0.00","0.00","0.00","0.00","171131/15.000/0/RC-Filtros WDO","False","False","92666542","BRL","True","0.0"
"755481395","989606729","2021-11-17 11:48:51","WDOZ21","1.00","buy","out","5516.00000","5536.50000","5471.50000","0.00","0.00","50.00","-2.50","13.00","[sl 5516.000]","True","False","92666542","BRL","True","5.0"
"758654943","993624632","2021-11-19 14:25:00","WDOZ21","1.00","buy","in","5594.00000","5578.50000","5643.50000","0.00","0.00","0.00","0.00","0.00","191426/15.000/0/RC-Filtros WDO","False","False","92666542","BRL","True","0.0"
"758695604","993670827","2021-11-19 14:42:56","WDOZ21","1.00","sell","out","5613.50000","5578.50000","5643.50000","0.00","0.00","195.00","-6.50","27.00","[sl 5613.500]","True","False","92666542","BRL","True","19.5"
"759083057","994120390","2021-11-22 10:10:10","WDOZ21","1.00","sell","in","5599.50000","5615.00000","5550.00000","0.00","0.00","0.00","0.00","0.00","221011/15.000/0/RC-Filtros WDO","False","False","92666542","BRL","True","0.0"
"759213215","994284382","2021-11-22 10:49:40","WDOZ21","1.00","buy","out","5584.50000","5615.00000","5550.00000","0.00","0.00","150.00","-10.50","22.00","[sl 5584.500]","True","False","92666542","BRL","True","15.0"
"761814325","997574661","2021-11-24 11:05:00","WDOZ21","1.00","sell","in","5616.50000","5631.50000","5566.50000","0.00","0.00","0.00","0.00","0.00","241106/15.000/0/RC-Filtros WDO","False","False","92666542","BRL","True","0.0"
"761882581","997660167","2021-11-24 11:27:27","WDOZ21","1.00","buy","out","5611.50000","5631.50000","5566.50000","0.00","0.00","50.00","-6.00","10.50","[sl 5611.500]","True","False","92666542","BRL","True","5.0"
"763114003","999351149","2021-11-25 11:45:00","WDOZ21","1.00","sell","in","5583.00000","5598.00000","5533.00000","0.00","0.00","0.00","0.00","0.00","251146/15.000/0/RC-Filtros WDO","False","False","92666542","BRL","True","0.0"
"763120602","999360998","2021-11-25 11:46:07","WDOZ21","1.00","buy","out","5578.00000","5598.00000","5533.00000","0.00","0.00","50.00","0.00","13.00","[sl 5578.000]","True","False","92666542","BRL","True","5.0"
"764321664","1000908230","2021-11-26 12:05:00","WDOZ21","1.00","sell","in","5587.00000","5602.50000","5537.50000","0.00","0.00","0.00","0.00","0.00","261206/15.000/0/RC-Filtros WDO","False","False","92666542","BRL","True","0.0"
"764372515","1000976799","2021-11-26 12:18:21","WDOZ21","1.00","buy","out","5602.50000","5602.50000","5537.50000","0.00","0.00","-155.00","-15.50","5.50","[sl 5602.500]","True","False","92666542","BRL","True","-15.5"
"765359100","1002285621","2021-11-29 11:20:00","WDOZ21","1.00","sell","in","5596.00000","5611.50000","5546.50000","0.00","0.00","0.00","0.00","0.00","291121/15.000/0/RC-Filtros WDO","False","False","92666542","BRL","True","0.0"
"765382179","1002315360","2021-11-29 11:27:46","WDOZ21","1.00","buy","out","5588.00000","5611.50000","5546.50000","0.00","0.00","80.00","0.00","8.00","[sl 5588.000]","True","False","92666542","BRL","True","8.0"
"769602689","1007654577","2021-12-02 10:00:01","WDOF22","1.00","sell","in","5687.00000","5703.00000","5638.00000","0.00","0.00","0.00","0.00","0.00","021001/15.000/0/RC-Filtros WDO","False","False","92666542","BRL","True","0.0"
"769713912","1007819569","2021-12-02 10:23:04","WDOF22","1.00","buy","out","5674.00000","5703.00000","5638.00000","0.00","0.00","130.00","0.00","20.00","[sl 5674.000]","True","False","92666542","BRL","True","13.0"
"771891436","1010653012","2021-12-03 11:55:16","WDOF22","1.00","buy","in","5683.00000","5668.00000","5733.00000","0.00","0.00","0.00","0.00","0.00","031156/15.000/0/RC-Filtros WDO","False","False","92666542","BRL","True","0.0"
"771939280","1010710303","2021-12-03 12:02:41","WDOF22","1.00","sell","out","5688.00000","5668.00000","5733.00000","0.00","0.00","50.00","-5.00","10.50","[sl 5688.000]","True","False","92666542","BRL","True","5.0"
"773943925","1013472710","2021-12-06 14:54:59","WDOF22","1.00","sell","in","5725.00000","5740.00000","5675.00000","0.00","0.00","0.00","0.00","0.00","061456/15.000/0/RC-Filtros WDO","False","False","92666542","BRL","True","0.0"
"774099627","1013759965","2021-12-06 16:59:59","WDOF22","1.00","buy","out","5723.00000","5740.00000","5675.00000","0.00","0.00","20.00","-5.00","9.50","061456/15.000/0/RC-Filtros WDO","False","False","92666542","BRL","True","2.0"
"774288021","1014013724","2021-12-07 10:00:02","WDOF22","1.00","sell","in","5670.00000","5685.50000","5620.50000","0.00","0.00","0.00","0.00","0.00","071001/15.000/0/RC-Filtros WDO","False","False","92666542","BRL","True","0.0"
"774326458","1014059838","2021-12-07 10:12:48","WDOF22","1.00","buy","out","5665.00000","5685.50000","5620.50000","0.00","0.00","50.00","0.00","10.00","[sl 5665.000]","True","False","92666542","BRL","True","5.0"
"775895321","1016159045","2021-12-08 13:00:00","WDOF22","1.00","sell","in","5578.50000","5594.00000","5529.00000","0.00","0.00","0.00","0.00","0.00","081301/15.000/0/RC-Filtros WDO","False","False","92666542","BRL","True","0.0"
"775960052","1016243394","2021-12-08 13:30:06","WDOF22","1.00","buy","out","5561.50000","5594.00000","5529.00000","0.00","0.00","170.00","-10.00","24.50","[sl 5561.500]","True","False","92666542","BRL","True","17.0"
"779442177","1020995949","2021-12-14 10:10:06","WDOF22","1.00","sell","in","5657.50000","5673.00000","5608.00000","0.00","0.00","0.00","0.00","0.00","141011/15.000/0/RC-Filtros WDO","False","False","92666542","BRL","True","0.0"
"779485641","1021056973","2021-12-14 10:20:12","WDOF22","1.00","buy","out","5652.50000","5673.00000","5608.00000","0.00","0.00","50.00","-2.50","10.50","[sl 5652.500]","True","False","92666542","BRL","True","5.0"
"784086317","1026759755","2021-12-17 14:20:00","WDOF22","1.00","sell","in","5679.50000","5695.00000","5630.00000","0.00","0.00","0.00","0.00","0.00","171421/15.000/0/RC-Filtros WDO","False","False","92666542","BRL","True","0.0"
"784241167","1026937860","2021-12-17 15:51:03","WDOF22","1.00","buy","out","5695.00000","5695.00000","5630.00000","0.00","0.00","-155.00","-16.00","3.00","[sl 5695.000]","True","False","92666542","BRL","True","-15.5"
"785777564","1028932365","2021-12-21 11:45:02","WDOF22","1.00","sell","in","5751.50000","5767.00000","5702.00000","0.00","0.00","0.00","0.00","0.00","211146/15.000/0/RC-Filtros WDO","False","False","92666542","BRL","True","0.0"
"786003333","1029213438","2021-12-21 14:32:44","WDOF22","1.00","buy","out","5767.00000","5767.00000","5702.00000","0.00","0.00","-155.00","-16.50","6.00","[sl 5767.000]","True","False","92666542","BRL","True","-15.5"
"786720689","1030368212","2021-12-22 14:15:01","WDOF22","1.00","sell","in","5707.00000","5722.00000","5657.00000","0.00","0.00","0.00","0.00","0.00","221416/15.000/0/RC-Filtros WDO","False","False","92666542","BRL","True","0.0"
"786774501","1030440767","2021-12-22 15:19:18","WDOF22","1.00","buy","out","5692.00000","5722.00000","5657.00000","0.00","0.00","150.00","-3.00","22.00","[sl 5692.000]","True","False","92666542","BRL","True","15.0"
"789586934","1036280402","2021-12-30 10:00:03","WDOF22","1.00","sell","in","5644.50000","5660.50000","5595.50000","0.00","0.00","0.00","0.00","0.00","301001/15.000/0/RC-Filtros WDO","False","False","92666542","BRL","True","0.0"
"789618224","1036331362","2021-12-30 10:05:10","WDOF22","1.00","buy","out","5627.00000","5660.50000","5595.50000","0.00","0.00","175.00","0.00","24.50","[sl 5627.000]","True","False","92666542","BRL","True","17.5"
"792123490","1039826180","2022-01-04 15:10:00","WDOG22","1.00","sell","in","5712.50000","5727.50000","5662.50000","0.00","0.00","0.00","0.00","0.00","041511/15.000/0/RC-Filtros WDO","False","False","92666542","BRL","True","0.0"
"792200327","1039911268","2022-01-04 15:35:39","WDOG22","1.00","buy","out","5727.50000","5727.50000","5662.50000","0.00","0.00","-150.00","-15.00","1.00","[sl 5727.500]","True","False","92666542","BRL","True","-15.0"
"793186551","1041276195","2022-01-05 15:10:00","WDOG22","1.00","buy","in","5718.50000","5703.00000","5768.00000","0.00","0.00","0.00","0.00","0.00","051511/15.000/0/RC-Filtros WDO","False","False","92666542","BRL","True","0.0"
"793322675","1041434714","2022-01-05 16:13:09","WDOG22","1.00","sell","out","5734.00000","5703.00000","5768.00000","0.00","0.00","155.00","-12.00","24.00","[sl 5734.000]","True","False","92666542","BRL","True","15.5"
"794498960","1042971358","2022-01-06 15:59:59","WDOG22","1.00","sell","in","5714.00000","5729.00000","5664.00000","0.00","0.00","0.00","0.00","0.00","061601/15.000/0/RC-Filtros WDO","False","False","92666542","BRL","True","0.0"
"794542577","1043032779","2022-01-06 16:48:17","WDOG22","1.00","buy","out","5709.00000","5729.00000","5664.00000","0.00","0.00","50.00","-5.50","12.50","[sl 5709.000]","True","False","92666542","BRL","True","5.0"
"796169938","1045372699","2022-01-10 13:45:00","WDOG22","1.00","buy","in","5716.00000","5700.50000","5765.50000","0.00","0.00","0.00","0.00","0.00","101346/15.000/0/RC-Filtros WDO","False","False","92666542","BRL","True","0.0"
"796282473","1045554930","2022-01-10 15:21:30","WDOG22","1.00","sell","out","5700.50000","5700.50000","5765.50000","0.00","0.00","-155.00","-18.00","2.00","[sl 5700.500]","True","False","92666542","BRL","True","-15.5"
"796902885","1046412856","2022-01-11 12:04:59","WDOG22","1.00","sell","in","5657.50000","5672.50000","5607.50000","0.00","0.00","0.00","0.00","0.00","111206/15.000/0/RC-Filtros WDO","False","False","92666542","BRL","True","0.0"
"796987493","1046518112","2022-01-11 12:32:01","WDOG22","1.00","buy","out","5640.50000","5672.50000","5607.50000","0.00","0.00","170.00","0.00","24.50","[sl 5640.500]","True","False","92666542","BRL","True","17.0"
"798867297","1049948070","2022-01-13 12:00:00","WDOG22","1.00","sell","in","5526.50000","5542.00000","5477.00000","0.00","0.00","0.00","0.00","0.00","131201/15.000/0/RC-Filtros WDO","False","False","92666542","BRL","True","0.0"
"798979814","1050074410","2022-01-13 12:31:58","WDOG22","1.00","buy","out","5542.00000","5542.00000","5477.00000","0.00","0.00","-155.00","-15.50","0.00","[sl 5542.000]","True","False","92666542","BRL","True","-15.5"
"800821962","1052829610","2022-01-14 14:50:01","WDOG22","1.00","sell","in","5561.00000","5576.00000","5511.00000","0.00","0.00","0.00","0.00","0.00","141451/15.000/0/RC-Filtros WDO","False","False","92666542","BRL","True","0.0"
"800929764","1052974221","2022-01-14 15:52:02","WDOG22","1.00","buy","out","5549.50000","5576.00000","5511.00000","0.00","0.00","115.00","-5.50","18.50","[sl 5549.500]","True","False","92666542","BRL","True","11.5"
"801492769","1054222440","2022-01-17 13:05:00","WDOG22","1.00","sell","in","5522.50000","5538.00000","5473.00000","0.00","0.00","0.00","0.00","0.00","171306/15.000/0/RC-Filtros WDO","False","False","92666542","BRL","True","0.0"
"801526507","1054323211","2022-01-17 13:36:45","WDOG22","1.00","buy","out","5538.00000","5538.00000","5473.00000","0.00","0.00","-155.00","-15.50","0.50","[sl 5538.000]","True","False","92666542","BRL","True","-15.5"
"802925489","1057128509","2022-01-19 10:05:00","WDOG22","1.00","sell","in","5535.50000","5551.00000","5486.00000","0.00","0.00","0.00","0.00","0.00","191006/15.000/0/RC-Filtros WDO","False","False","92666542","BRL","True","0.0"
"803138283","1057480446","2022-01-19 11:26:45","WDOG22","1.00","buy","out","5514.50000","5551.00000","5486.00000","0.00","0.00","210.00","-6.00","28.50","[sl 5514.500]","True","False","92666542","BRL","True","21.0"
"804345261","1059196864","2022-01-20 11:59:59","WDOG22","1.00","sell","in","5430.00000","5445.50000","5380.50000","0.00","0.00","0.00","0.00","0.00","201201/15.000/0/RC-Filtros WDO","False","False","92666542","BRL","True","0.0"
"804456645","1059333017","2022-01-20 13:03:02","WDOG22","1.00","buy","out","5425.00000","5445.50000","5380.50000","0.00","0.00","50.00","-10.00","13.50","[sl 5425.000]","True","False","92666542","BRL","True","5.0"
"804952808","1059976421","2022-01-21 10:10:00","WDOG22","1.00","buy","in","5480.00000","5464.50000","5529.50000","0.00","0.00","0.00","0.00","0.00","211011/15.000/0/RC-Filtros WDO","False","False","92666542","BRL","True","0.0"
"805030632","1060074217","2022-01-21 10:28:58","WDOG22","1.00","sell","out","5464.50000","5464.50000","5529.50000","0.00","0.00","-155.00","-15.50","5.00","[sl 5464.500]","True","False","92666542","BRL","True","-15.5"
"807476120","1063305934","2022-01-25 10:05:01","WDOG22","1.00","buy","in","5524.50000","5509.00000","5574.00000","0.00","0.00","0.00","0.00","0.00","251006/15.000/0/RC-Filtros WDO","False","False","92666542","BRL","True","0.0"
"807653593","1063517537","2022-01-25 10:56:16","WDOG22","1.00","sell","out","5509.00000","5509.00000","5574.00000","0.00","0.00","-155.00","-15.50","1.50","[sl 5509.000]","True","False","92666542","BRL","True","-15.5"
"808819176","1064931485","2022-01-26 10:05:08","WDOG22","1.00","sell","in","5429.50000","5444.00000","5379.00000","0.00","0.00","0.00","0.00","0.00","261006/15.000/0/RC-Filtros WDO","False","False","92666542","BRL","True","0.0"
"808864380","1064988932","2022-01-26 10:19:44","WDOG22","1.00","buy","out","5424.50000","5444.00000","5379.00000","0.00","0.00","50.00","-3.50","12.00","[sl 5424.500]","True","False","92666542","BRL","True","5.0"
"810066349","1066588779","2022-01-27 09:59:59","WDOG22","1.00","sell","in","5385.00000","5400.00000","5335.00000","0.00","0.00","0.00","0.00","0.00","271001/15.000/0/RC-Filtros WDO","False","False","92666542","BRL","True","0.0"
"810272952","1066851592","2022-01-27 11:02:25","WDOG22","1.00","buy","out","5364.50000","5400.00000","5335.00000","0.00","0.00","205.00","-14.00","27.50","[sl 5364.500]","True","False","92666542","BRL","True","20.5"
"813195975","1070501752","2022-01-31 12:20:00","WDOH22","1.00","sell","in","5379.50000","5395.00000","5330.00000","0.00","0.00","0.00","0.00","0.00","311221/15.000/0/RC-Filtros WDO","False","False","92666542","BRL","True","0.0"
"813256348","1070575783","2022-01-31 12:42:57","WDOH22","1.00","buy","out","5365.50000","5395.00000","5330.00000","0.00","0.00","140.00","0.00","21.00","[sl 5365.500]","True","False","92666542","BRL","True","14.0"
"814437012","1072006708","2022-02-01 10:45:01","WDOH22","1.00","sell","in","5335.00000","5350.50000","5285.50000","0.00","0.00","0.00","0.00","0.00","011046/15.000/0/RC-Filtros WDO","False","False","92666542","BRL","True","0.0"
"814486076","1072068976","2022-02-01 10:58:19","WDOH22","1.00","buy","out","5324.50000","5350.50000","5285.50000","0.00","0.00","105.00","0.00","18.00","[sl 5324.500]","True","False","92666542","BRL","True","10.5"
"816283105","1074572167","2022-02-02 15:59:59","WDOH22","1.00","sell","in","5317.00000","5332.00000","5267.00000","0.00","0.00","0.00","0.00","0.00","021601/15.000/0/RC-Filtros WDO","False","False","92666542","BRL","True","0.0"
"816401348","1074746042","2022-02-02 16:58:12","WDOH22","1.00","buy","out","5312.00000","5332.00000","5267.00000","0.00","0.00","50.00","-6.50","10.50","[sl 5312.000]","True","False","92666542","BRL","True","5.0"
"817560247","1076294753","2022-02-03 13:40:02","WDOH22","1.00","buy","in","5330.00000","5315.00000","5380.00000","0.00","0.00","0.00","0.00","0.00","031341/15.000/0/RC-Filtros WDO","False","False","92666542","BRL","True","0.0"
"817576116","1076317934","2022-02-03 13:45:16","WDOH22","1.00","sell","out","5335.00000","5315.00000","5380.00000","0.00","0.00","50.00","0.00","10.00","[sl 5335.000]","True","False","92666542","BRL","True","5.0"
"818081734","1076990258","2022-02-04 10:05:00","WDOH22","1.00","buy","in","5329.50000","5314.00000","5379.00000","0.00","0.00","0.00","0.00","0.00","041006/15.000/0/RC-Filtros WDO","False","False","92666542","BRL","True","0.0"
"818193155","1077132999","2022-02-04 10:26:07","WDOH22","1.00","sell","out","5334.50000","5314.00000","5379.00000","0.00","0.00","50.00","-4.00","13.50","[sl 5334.500]","True","False","92666542","BRL","True","5.0"
"819439355","1078817566","2022-02-07 10:00:00","WDOH22","1.00","sell","in","5321.50000","5336.50000","5271.50000","0.00","0.00","0.00","0.00","0.00","071001/15.000/0/RC-Filtros WDO","False","False","92666542","BRL","True","0.0"
"819617493","1079024702","2022-02-07 10:43:28","WDOH22","1.00","buy","out","5336.50000","5336.50000","5271.50000","0.00","0.00","-150.00","-15.00","7.50","[sl 5336.500]","True","False","92666542","BRL","True","-15.0"
"822063658","1082343498","2022-02-09 14:24:59","WDOH22","1.00","sell","in","5272.00000","5287.50000","5222.50000","0.00","0.00","0.00","0.00","0.00","091426/15.000/0/RC-Filtros WDO","False","False","92666542","BRL","True","0.0"
"822095750","1082380070","2022-02-09 14:44:52","WDOH22","1.00","buy","out","5263.50000","5287.50000","5222.50000","0.00","0.00","85.00","-5.50","8.50","[sl 5263.500]","True","False","92666542","BRL","True","8.5"
"823457155","1084142623","2022-02-10 14:45:00","WDOH22","1.00","sell","in","5228.50000","5243.50000","5178.50000","0.00","0.00","0.00","0.00","0.00","101446/15.000/0/RC-Filtros WDO","False","False","92666542","BRL","True","0.0"
"823461586","1084146737","2022-02-10 14:45:17","WDOH22","1.00","buy","out","5243.50000","5243.50000","5178.50000","0.00","0.00","-150.00","-20.50","0.00","[sl 5243.500]","True","False","92666542","BRL","True","-15.0"
"823985189","1084877631","2022-02-11 10:10:03","WDOH22","1.00","sell","in","5208.00000","5223.50000","5158.50000","0.00","0.00","0.00","0.00","0.00","111011/15.000/0/RC-Filtros WDO","False","False","92666542","BRL","True","0.0"
"824046339","1084979649","2022-02-11 10:28:00","WDOH22","1.00","buy","out","5223.50000","5223.50000","5158.50000","0.00","0.00","-155.00","-15.50","1.50","[sl 5223.500]","True","False","92666542","BRL","True","-15.5"
"825459522","1086936741","2022-02-14 10:35:07","WDOH22","1.00","sell","in","5218.00000","5233.00000","5168.00000","0.00","0.00","0.00","0.00","0.00","141036/15.000/0/RC-Filtros WDO","False","False","92666542","BRL","True","0.0"
"825624813","1087162797","2022-02-14 11:32:45","WDOH22","1.00","buy","out","5233.00000","5233.00000","5168.00000","0.00","0.00","-150.00","-15.00","4.50","[sl 5233.000]","True","False","92666542","BRL","True","-15.0"
"827084139","1089191756","2022-02-15 14:09:59","WDOH22","1.00","buy","in","5206.00000","5191.00000","5256.00000","0.00","0.00","0.00","0.00","0.00","151411/15.000/0/RC-Filtros WDO","False","False","92666542","BRL","True","0.0"
"827186378","1089404125","2022-02-15 15:59:59","WDOH22","1.00","sell","out","5195.50000","5191.00000","5256.00000","0.00","0.00","-105.00","-11.00","5.00","151411/15.000/0/RC-Filtros WDO","False","False","92666542","BRL","True","-10.5"
"827764378","1090292173","2022-02-16 12:14:59","WDOH22","1.00","sell","in","5162.00000","5177.50000","5112.50000","0.00","0.00","0.00","0.00","0.00","161216/15.000/0/RC-Filtros WDO","False","False","92666542","BRL","True","0.0"
"827928061","1090502774","2022-02-16 13:47:15","WDOH22","1.00","buy","out","5177.50000","5177.50000","5112.50000","0.00","0.00","-155.00","-15.50","0.00","[sl 5177.500]","True","False","92666542","BRL","True","-15.5"
"828734764","1091695262","2022-02-17 13:50:01","WDOH22","1.00","sell","in","5171.50000","5186.50000","5121.50000","0.00","0.00","0.00","0.00","0.00","171351/15.000/0/RC-Filtros WDO","False","False","92666542","BRL","True","0.0"
"828871185","1091987993","2022-02-17 17:00:14","WDOH22","1.00","buy","out","5177.00000","5186.50000","5121.50000","0.00","0.00","-55.00","-14.50","8.50","171351/15.000/0/RC-Filtros WDO","False","False","92666542","BRL","True","-5.5"
"829449805","1092976419","2022-02-18 12:45:02","WDOH22","1.00","buy","in","5138.00000","5122.50000","5187.50000","0.00","0.00","0.00","0.00","0.00","181246/15.000/0/RC-Filtros WDO","False","False","92666542","BRL","True","0.0"
"829611854","1093216869","2022-02-18 14:05:05","WDOH22","1.00","sell","out","5122.50000","5122.50000","5187.50000","0.00","0.00","-155.00","-15.50","10.00","[sl 5122.500]","True","False","92666542","BRL","True","-15.5"
"830594462","1094917678","2022-02-21 15:15:01","WDOH22","1.00","buy","in","5107.50000","5092.00000","5157.00000","0.00","0.00","0.00","0.00","0.00","211516/15.000/0/RC-Filtros WDO","False","False","92666542","BRL","True","0.0"
"830722121","1095112586","2022-02-21 16:39:49","WDOH22","1.00","sell","out","5112.50000","5092.00000","5157.00000","0.00","0.00","50.00","-8.50","11.50","[sl 5112.500]","True","False","92666542","BRL","True","5.0"
"831709983","1096724303","2022-02-22 15:44:59","WDOH22","1.00","buy","in","5072.00000","5057.00000","5122.00000","0.00","0.00","0.00","0.00","0.00","221546/15.000/0/RC-Filtros WDO","False","False","92666542","BRL","True","0.0"
"831810265","1096922337","2022-02-22 16:53:22","WDOH22","1.00","sell","out","5057.00000","5057.00000","5122.00000","0.00","0.00","-150.00","-15.00","5.00","[sl 5057.000]","True","False","92666542","BRL","True","-15.0"
"831994117","1097195156","2022-02-23 10:00:00","WDOH22","1.00","sell","in","5016.00000","5031.00000","4966.00000","0.00","0.00","0.00","0.00","0.00","231001/15.000/0/RC-Filtros WDO","False","False","92666542","BRL","True","0.0"
"832271651","1097602251","2022-02-23 11:19:03","WDOH22","1.00","buy","out","5011.00000","5031.00000","4966.00000","0.00","0.00","50.00","-4.00","14.50","[sl 5011.000]","True","False","92666542","BRL","True","5.0"
"833794822","1099721480","2022-02-24 11:15:00","WDOH22","1.00","buy","in","5120.00000","5105.00000","5170.00000","0.00","0.00","0.00","0.00","0.00","241116/15.000/0/RC-Filtros WDO","False","False","92666542","BRL","True","0.0"
"833872982","1099815280","2022-02-24 11:32:21","WDOH22","1.00","sell","out","5136.50000","5105.00000","5170.00000","0.00","0.00","165.00","-3.00","23.50","[sl 5136.500]","True","False","92666542","BRL","True","16.5"
"836869436","1104342539","2022-03-03 10:20:01","WDOJ22","1.00","sell","in","5082.50000","5097.50000","5032.50000","0.00","0.00","0.00","0.00","0.00","031021/15.000/0/RC-Filtros WDO","False","False","92666542","BRL","True","0.0"
"836936088","1104434275","2022-03-03 10:48:15","WDOJ22","1.00","buy","out","5072.50000","5097.50000","5032.50000","0.00","0.00","100.00","-6.50","17.00","[sl 5072.500]","True","False","92666542","BRL","True","10.0"
"839029058","1107380929","2022-03-07 11:40:00","WDOJ22","1.00","buy","in","5094.50000","5079.00000","5144.00000","0.00","0.00","0.00","0.00","0.00","071141/15.000/0/RC-Filtros WDO","False","False","92666542","BRL","True","0.0"
"839052014","1107422327","2022-03-07 11:49:14","WDOJ22","1.00","sell","out","5099.50000","5079.00000","5144.00000","0.00","0.00","50.00","-2.00","10.50","[sl 5099.500]","True","False","92666542","BRL","True","5.0"
"840435951","1109447662","2022-03-08 14:10:00","WDOJ22","1.00","sell","in","5110.00000","5125.00000","5060.00000","0.00","0.00","0.00","0.00","0.00","081411/15.000/0/RC-Filtros WDO","False","False","92666542","BRL","True","0.0"
"840475999","1109500458","2022-03-08 14:19:56","WDOJ22","1.00","buy","out","5090.50000","5125.00000","5060.00000","0.00","0.00","195.00","0.00","19.50","[sl 5090.500]","True","False","92666542","BRL","True","19.5"
"841544833","1110908580","2022-03-09 14:20:00","WDOJ22","1.00","buy","in","5037.50000","5022.00000","5087.00000","0.00","0.00","0.00","0.00","0.00","091421/15.000/0/RC-Filtros WDO","False","False","92666542","BRL","True","0.0"
"842005695","1111448808","2022-03-09 17:00:00","WDOJ22","1.00","sell","out","5044.50000","5022.00000","5087.00000","0.00","0.00","70.00","-12.50","12.50","091421/15.000/0/RC-Filtros WDO","False","False","92666542","BRL","True","7.0"
"842265290","1111753766","2022-03-10 10:05:13","WDOJ22","1.00","buy","in","5076.00000","5061.50000","5126.50000","0.00","0.00","0.00","0.00","0.00","101006/15.000/0/RC-Filtros WDO","False","False","92666542","BRL","True","0.0"
"842375930","1111890963","2022-03-10 10:30:17","WDOJ22","1.00","sell","out","5084.00000","5061.50000","5126.50000","0.00","0.00","80.00","-12.50","15.00","[sl 5084.000]","True","False","92666542","BRL","True","8.0"
"845582909","1115969980","2022-03-15 10:00:00","WDOJ22","1.00","buy","in","5139.00000","5124.00000","5189.00000","0.00","0.00","0.00","0.00","0.00","151001/15.000/0/RC-Filtros WDO","False","False","92666542","BRL","True","0.0"
"845679717","1116092770","2022-03-15 10:23:09","WDOJ22","1.00","sell","out","5166.50000","5124.00000","5189.00000","0.00","0.00","275.00","-3.50","35.50","[sl 5166.500]","True","False","92666542","BRL","True","27.5"
"847647228","1118626916","2022-03-16 15:05:03","WDOJ22","1.00","buy","in","5150.50000","5134.50000","5199.50000","0.00","0.00","0.00","0.00","0.00","161506/15.000/0/RC-Filtros WDO","False","False","92666542","BRL","True","0.0"
"847719808","1118714226","2022-03-16 15:17:42","WDOJ22","1.00","sell","out","5155.50000","5134.50000","5199.50000","0.00","0.00","50.00","-3.50","12.50","[sl 5155.500]","True","False","92666542","BRL","True","5.0"
"848800253","1120008370","2022-03-17 12:00:34","WDOJ22","1.00","sell","in","5094.50000","5110.00000","5045.00000","0.00","0.00","0.00","0.00","0.00","171201/15.000/0/RC-Filtros WDO","False","False","92666542","BRL","True","0.0"
"848932799","1120174839","2022-03-17 12:41:55","WDOJ22","1.00","buy","out","5089.50000","5110.00000","5045.00000","0.00","0.00","50.00","-3.50","12.50","[sl 5089.500]","True","False","92666542","BRL","True","5.0"
"849921844","1121422576","2022-03-18 12:05:00","WDOJ22","1.00","sell","in","5061.50000","5076.50000","5011.50000","0.00","0.00","0.00","0.00","0.00","181206/15.000/0/RC-Filtros WDO","False","False","92666542","BRL","True","0.0"
"849953926","1121466362","2022-03-18 12:16:53","WDOJ22","1.00","buy","out","5051.00000","5076.50000","5011.50000","0.00","0.00","105.00","0.00","18.00","[sl 5051.000]","True","False","92666542","BRL","True","10.5"
"851146279","1122922786","2022-03-21 13:54:59","WDOJ22","1.00","buy","in","4968.50000","4953.50000","5018.50000","0.00","0.00","0.00","0.00","0.00","211356/15.000/0/RC-Filtros WDO","False","False","92666542","BRL","True","0.0"
"851226703","1123019697","2022-03-21 14:33:59","WDOJ22","1.00","sell","out","4980.00000","4953.50000","5018.50000","0.00","0.00","115.00","-2.50","18.50","[sl 4980.000]","True","False","92666542","BRL","True","11.5"
"851827975","1123739997","2022-03-22 10:45:01","WDOJ22","1.00","buy","in","4953.00000","4936.50000","5001.50000","0.00","0.00","0.00","0.00","0.00","221046/15.000/0/RC-Filtros WDO","False","False","92666542","BRL","True","0.0"
"851891603","1123816032","2022-03-22 11:01:52","WDOJ22","1.00","sell","out","4936.50000","4936.50000","5001.50000","0.00","0.00","-165.00","-17.00","4.50","[sl 4936.500]","True","False","92666542","BRL","True","-16.5"
"854396520","1126848136","2022-03-24 11:00:02","WDOJ22","1.00","sell","in","4811.50000","4827.00000","4762.00000","0.00","0.00","0.00","0.00","0.00","241101/15.000/0/RC-Filtros WDO","False","False","92666542","BRL","True","0.0"
"854413021","1126868146","2022-03-24 11:02:50","WDOJ22","1.00","buy","out","4806.50000","4827.00000","4762.00000","0.00","0.00","50.00","0.00","12.50","[sl 4806.500]","True","False","92666542","BRL","True","5.0"
"856702038","1129498097","2022-03-25 15:00:00","WDOJ22","1.00","buy","in","4778.00000","4762.50000","4827.50000","0.00","0.00","0.00","0.00","0.00","251501/15.000/0/RC-Filtros WDO","False","False","92666542","BRL","True","0.0"
"856792802","1129600633","2022-03-25 15:51:42","WDOJ22","1.00","sell","out","4762.50000","4762.50000","4827.50000","0.00","0.00","-155.00","-15.50","0.50","[sl 4762.500]","True","False","92666542","BRL","True","-15.5"
"857946788","1130943277","2022-03-28 13:45:01","WDOJ22","1.00","sell","in","4784.00000","4799.50000","4734.50000","0.00","0.00","0.00","0.00","0.00","281346/15.000/0/RC-Filtros WDO","False","False","92666542","BRL","True","0.0"
"858174734","1131204328","2022-03-28 15:04:24","WDOJ22","1.00","buy","out","4799.50000","4799.50000","4734.50000","0.00","0.00","-155.00","-15.50","3.50","[sl 4799.500]","True","False","92666542","BRL","True","-15.5"
"859062398","1132245021","2022-03-29 10:40:01","WDOJ22","1.00","buy","in","4776.50000","4761.50000","4826.50000","0.00","0.00","0.00","0.00","0.00","291041/15.000/0/RC-Filtros WDO","False","False","92666542","BRL","True","0.0"
"859108688","1132296324","2022-03-29 10:48:42","WDOJ22","1.00","sell","out","4761.50000","4761.50000","4826.50000","0.00","0.00","-150.00","-15.00","0.00","[sl 4761.500]","True","False","92666542","BRL","True","-15.0"
"861461022","1135135750","2022-03-30 14:00:00","WDOJ22","1.00","buy","in","4779.00000","4764.00000","4829.00000","0.00","0.00","0.00","0.00","0.00","301401/15.000/0/RC-Filtros WDO","False","False","92666542","BRL","True","0.0"
"861563344","1135258532","2022-03-30 14:37:33","WDOJ22","1.00","sell","out","4784.00000","4764.00000","4829.00000","0.00","0.00","50.00","-2.00","10.00","[sl 4784.000]","True","False","92666542","BRL","True","5.0"
"862532205","1136708439","2022-03-31 14:50:00","WDOK22","1.00","buy","in","4778.00000","4763.00000","4828.00000","0.00","0.00","0.00","0.00","0.00","311451/15.000/0/RC-Filtros WDO","False","False","92666542","BRL","True","0.0"
"862697368","1136960170","2022-03-31 16:38:47","WDOK22","1.00","sell","out","4796.00000","4763.00000","4828.00000","0.00","0.00","180.00","-1.50","25.50","[sl 4796.000]","True","False","92666542","BRL","True","18.0"
"864061821","1138697039","2022-04-04 10:15:01","WDOK22","1.00","sell","in","4656.50000","4672.50000","4607.50000","0.00","0.00","0.00","0.00","0.00","041016/15.000/0/RC-Filtros WDO","False","False","92666542","BRL","True","0.0"
"864135022","1138788975","2022-04-04 10:37:34","WDOK22","1.00","buy","out","4645.00000","4672.50000","4607.50000","0.00","0.00","115.00","0.00","19.00","[sl 4645.000]","True","False","92666542","BRL","True","11.5"
"865143634","1140218041","2022-04-05 10:45:05","WDOK22","1.00","sell","in","4654.00000","4670.00000","4605.00000","0.00","0.00","0.00","0.00","0.00","051046/15.000/0/RC-Filtros WDO","False","False","92666542","BRL","True","0.0"
"865236130","1140324970","2022-04-05 11:05:36","WDOK22","1.00","buy","out","4670.00000","4670.00000","4605.00000","0.00","0.00","-160.00","-16.00","4.50","[sl 4670.000]","True","False","92666542","BRL","True","-16.0"
"866387094","1141921351","2022-04-06 10:00:01","WDOK22","1.00","buy","in","4714.50000","4699.00000","4764.00000","0.00","0.00","0.00","0.00","0.00","061001/15.000/0/RC-Filtros WDO","False","False","92666542","BRL","True","0.0"
"866424086","1141968134","2022-04-06 10:08:56","WDOK22","1.00","sell","out","4719.50000","4699.00000","4764.00000","0.00","0.00","50.00","0.00","13.00","[sl 4719.500]","True","False","92666542","BRL","True","5.0"
"868462625","1144542497","2022-04-07 13:05:01","WDOK22","1.00","sell","in","4787.50000","4803.00000","4738.00000","0.00","0.00","0.00","0.00","0.00","071306/15.000/0/RC-Filtros WDO","False","False","92666542","BRL","True","0.0"
"868590342","1144769302","2022-04-07 14:35:18","WDOK22","1.00","buy","out","4777.50000","4803.00000","4738.00000","0.00","0.00","100.00","-5.00","17.00","[sl 4777.500]","True","False","92666542","BRL","True","10.0"
"868967928","1145356645","2022-04-08 10:20:02","WDOK22","1.00","buy","in","4780.00000","4764.00000","4829.00000","0.00","0.00","0.00","0.00","0.00","081021/15.000/0/RC-Filtros WDO","False","False","92666542","BRL","True","0.0"
"869089756","1145506962","2022-04-08 10:50:47","WDOK22","1.00","sell","out","4812.00000","4764.00000","4829.00000","0.00","0.00","320.00","-3.00","39.00","[sl 4812.000]","True","False","92666542","BRL","True","32.0"
"869830743","1146570030","2022-04-11 10:00:00","WDOK22","1.00","sell","in","4715.00000","4730.00000","4665.00000","0.00","0.00","0.00","0.00","0.00","111001/15.000/0/RC-Filtros WDO","False","False","92666542","BRL","True","0.0"
"869870736","1146627988","2022-04-11 10:11:05","WDOK22","1.00","buy","out","4730.00000","4730.00000","4665.00000","0.00","0.00","-150.00","-15.00","2.00","[sl 4730.000]","True","False","92666542","BRL","True","-15.0"
"871534470","1148818775","2022-04-12 14:30:00","WDOK22","1.00","buy","in","4708.50000","4693.00000","4758.00000","0.00","0.00","0.00","0.00","0.00","121431/15.000/0/RC-Filtros WDO","False","False","92666542","BRL","True","0.0"
"871734777","1149063896","2022-04-12 15:59:59","WDOK22","1.00","sell","out","4696.50000","4693.00000","4758.00000","0.00","0.00","-120.00","-14.00","7.50","121431/15.000/0/RC-Filtros WDO","False","False","92666542","BRL","True","-12.0"
"872083124","1149612666","2022-04-13 10:30:00","WDOK22","1.00","buy","in","4722.00000","4707.00000","4772.00000","0.00","0.00","0.00","0.00","0.00","131031/15.000/0/RC-Filtros WDO","False","False","92666542","BRL","True","0.0"
"872235962","1149823576","2022-04-13 11:16:13","WDOK22","1.00","sell","out","4707.00000","4707.00000","4772.00000","0.00","0.00","-150.00","-15.00","3.50","[sl 4707.000]","True","False","92666542","BRL","True","-15.0"
"873389748","1151660226","2022-04-14 14:11:23","WDOK22","1.00","buy","in","4742.00000","4727.00000","4792.00000","0.00","0.00","0.00","0.00","0.00","141412/15.000/0/RC-Filtros WDO","False","False","92666542","BRL","True","0.0"
"873411003","1151694524","2022-04-14 14:32:53","WDOK22","1.00","sell","out","4727.00000","4727.00000","4792.00000","0.00","0.00","-150.00","-16.00","1.00","[sl 4727.000]","True","False","92666542","BRL","True","-15.0"
"873763335","1152193239","2022-04-18 10:30:00","WDOK22","1.00","sell","in","4691.00000","4706.00000","4641.00000","0.00","0.00","0.00","0.00","0.00","181031/15.000/0/RC-Filtros WDO","False","False","92666542","BRL","True","0.0"
"873875074","1152344762","2022-04-18 11:02:09","WDOK22","1.00","buy","out","4681.00000","4706.00000","4641.00000","0.00","0.00","100.00","-5.50","17.00","[sl 4681.000]","True","False","92666542","BRL","True","10.0"
"874666239","1153550479","2022-04-19 10:49:59","WDOK22","1.00","sell","in","4660.00000","4675.00000","4610.00000","0.00","0.00","0.00","0.00","0.00","191051/15.000/0/RC-Filtros WDO","False","False","92666542","BRL","True","0.0"
"874713846","1153668412","2022-04-19 11:14:17","WDOK22","1.00","buy","out","4675.00000","4675.00000","4610.00000","0.00","0.00","-150.00","-15.00","6.50","[sl 4675.000]","True","False","92666542","BRL","True","-15.0"
"877284021","1158220684","2022-04-25 10:19:59","WDOK22","1.00","buy","in","4867.50000","4852.00000","4917.00000","0.00","0.00","0.00","0.00","0.00","251021/15.000/0/RC-Filtros WDO","False","False","92666542","BRL","True","0.0"
"877298058","1158250640","2022-04-25 10:22:56","WDOK22","1.00","sell","out","4852.00000","4852.00000","4917.00000","0.00","0.00","-155.00","-15.50","2.00","[sl 4852.000]","True","False","92666542","BRL","True","-15.5"
"878747194","1160505734","2022-04-26 10:15:00","WDOK22","1.00","buy","in","4947.50000","4932.50000","4997.50000","0.00","0.00","0.00","0.00","0.00","261016/15.000/0/RC-Filtros WDO","False","False","92666542","BRL","True","0.0"
"878827432","1160610815","2022-04-26 10:32:27","WDOK22","1.00","sell","out","4963.00000","4932.50000","4997.50000","0.00","0.00","155.00","0.00","23.00","[sl 4963.000]","True","False","92666542","BRL","True","15.5"
"880643786","1163206188","2022-04-27 13:05:00","WDOK22","1.00","sell","in","5009.50000","5025.00000","4960.00000","0.00","0.00","0.00","0.00","0.00","271306/15.000/0/RC-Filtros WDO","False","False","92666542","BRL","True","0.0"
"880672626","1163250547","2022-04-27 13:16:48","WDOK22","1.00","buy","out","4979.50000","5025.00000","4960.00000","0.00","0.00","300.00","0.00","30.00","[sl 4979.500]","True","False","92666542","BRL","True","30.0"
"882839181","1166062452","2022-04-29 10:59:59","WDOM22","1.00","sell","in","4937.50000","4953.00000","4888.00000","0.00","0.00","0.00","0.00","0.00","291101/15.000/0/RC-Filtros WDO","False","False","92666542","BRL","True","0.0"
"882887314","1166123443","2022-04-29 11:16:26","WDOM22","1.00","buy","out","4953.00000","4953.00000","4888.00000","0.00","0.00","-155.00","-15.50","4.00","[sl 4953.000]","True","False","92666542","BRL","True","-15.5"
"885221732","1169271318","2022-05-03 10:00:04","WDOM22","1.00","sell","in","5074.00000","5090.00000","5025.00000","0.00","0.00","0.00","0.00","0.00","031001/15.000/0/RC-Filtros WDO","False","False","92666542","BRL","True","0.0"
"885232769","1169287337","2022-05-03 10:03:24","WDOM22","1.00","buy","out","5090.00000","5090.00000","5025.00000","0.00","0.00","-160.00","-16.00","3.50","[sl 5090.000]","True","False","92666542","BRL","True","-16.0"
"886382017","1170745297","2022-05-04 10:05:00","WDOM22","1.00","buy","in","5049.50000","5034.50000","5099.50000","0.00","0.00","0.00","0.00","0.00","041006/15.000/0/RC-Filtros WDO","False","False","92666542","BRL","True","0.0"
"886447215","1170825217","2022-05-04 10:21:58","WDOM22","1.00","sell","out","5054.50000","5034.50000","5099.50000","0.00","0.00","50.00","0.00","14.50","[sl 5054.500]","True","False","92666542","BRL","True","5.0"
"887880760","1172565643","2022-05-05 10:45:01","WDOM22","1.00","sell","in","4998.00000","5013.50000","4948.50000","0.00","0.00","0.00","0.00","0.00","051046/15.000/0/RC-Filtros WDO","False","False","92666542","BRL","True","0.0"
"887904086","1172591319","2022-05-05 10:49:56","WDOM22","1.00","buy","out","5013.50000","5013.50000","4948.50000","0.00","0.00","-155.00","-15.50","0.00","[sl 5013.500]","True","False","92666542","BRL","True","-15.5"
"889370299","1174302921","2022-05-06 10:00:01","WDOM22","1.00","buy","in","5123.50000","5106.50000","5171.50000","0.00","0.00","0.00","0.00","0.00","061001/15.000/0/RC-Filtros WDO","False","False","92666542","BRL","True","0.0"
"889468015","1174407611","2022-05-06 10:16:26","WDOM22","1.00","sell","out","5128.50000","5106.50000","5171.50000","0.00","0.00","50.00","-10.50","12.50","[sl 5128.500]","True","False","92666542","BRL","True","5.0"
"891261433","1176552085","2022-05-09 10:45:01","WDOM22","1.00","buy","in","5179.00000","5163.50000","5228.50000","0.00","0.00","0.00","0.00","0.00","091046/15.000/0/RC-Filtros WDO","False","False","92666542","BRL","True","0.0"
"891424760","1176744748","2022-05-09 11:12:45","WDOM22","1.00","sell","out","5184.00000","5163.50000","5228.50000","0.00","0.00","50.00","-7.00","11.00","[sl 5184.000]","True","False","92666542","BRL","True","5.0"
"893198139","1179109324","2022-05-10 14:05:01","WDOM22","1.00","sell","in","5180.00000","5195.00000","5130.00000","0.00","0.00","0.00","0.00","0.00","101406/15.000/0/RC-Filtros WDO","False","False","92666542","BRL","True","0.0"
"893283435","1179234309","2022-05-10 14:39:21","WDOM22","1.00","buy","out","5167.50000","5195.00000","5130.00000","0.00","0.00","125.00","-8.50","20.00","[sl 5167.500]","True","False","92666542","BRL","True","12.5"
"893815672","1179899350","2022-05-11 10:00:00","WDOM22","1.00","buy","in","5195.00000","5180.00000","5245.00000","0.00","0.00","0.00","0.00","0.00","111001/15.000/0/RC-Filtros WDO","False","False","92666542","BRL","True","0.0"
"893869385","1179958797","2022-05-11 10:09:53","WDOM22","1.00","sell","out","5180.00000","5180.00000","5245.00000","0.00","0.00","-150.00","-15.00","8.00","[sl 5180.000]","True","False","92666542","BRL","True","-15.0"
"896069884","1182789441","2022-05-12 14:44:59","WDOM22","1.00","buy","in","5172.00000","5157.00000","5222.00000","0.00","0.00","0.00","0.00","0.00","121446/15.000/0/RC-Filtros WDO","False","False","92666542","BRL","True","0.0"
"896085336","1182812417","2022-05-12 14:57:32","WDOM22","1.00","sell","out","5157.00000","5157.00000","5222.00000","0.00","0.00","-150.00","-15.00","0.00","[sl 5157.000]","True","False","92666542","BRL","True","-15.0"
"896395682","1183249771","2022-05-13 10:00:00","WDOM22","1.00","buy","in","5173.50000","5158.50000","5223.50000","0.00","0.00","0.00","0.00","0.00","131001/15.000/0/RC-Filtros WDO","False","False","92666542","BRL","True","0.0"
"896478449","1183369279","2022-05-13 10:34:02","WDOM22","1.00","sell","out","5158.50000","5158.50000","5223.50000","0.00","0.00","-150.00","-15.00","0.00","[sl 5158.500]","True","False","92666542","BRL","True","-15.0"
"900048832","1188332482","2022-05-18 11:45:02","WDOM22","1.00","buy","in","4993.50000","4978.50000","5043.50000","0.00","0.00","0.00","0.00","0.00","181146/15.000/0/RC-Filtros WDO","False","False","92666542","BRL","True","0.0"
"900072279","1188364923","2022-05-18 11:57:56","WDOM22","1.00","sell","out","4978.50000","4978.50000","5043.50000","0.00","0.00","-150.00","-15.00","0.00","[sl 4978.500]","True","False","92666542","BRL","True","-15.0"
"901167570","1189878090","2022-05-19 11:45:01","WDOM22","1.00","buy","in","4954.00000","4938.00000","5003.00000","0.00","0.00","0.00","0.00","0.00","191146/15.000/0/RC-Filtros WDO","False","False","92666542","BRL","True","0.0"
"901194269","1189909138","2022-05-19 11:50:32","WDOM22","1.00","sell","out","4959.00000","4938.00000","5003.00000","0.00","0.00","50.00","-4.50","10.50","[sl 4959.000]","True","False","92666542","BRL","True","5.0"
"902588490","1191752489","2022-05-20 14:25:02","WDOM22","1.00","buy","in","4900.50000","4885.50000","4950.50000","0.00","0.00","0.00","0.00","0.00","201426/15.000/0/RC-Filtros WDO","False","False","92666542","BRL","True","0.0"
"902654278","1191839935","2022-05-20 14:57:46","WDOM22","1.00","sell","out","4885.50000","4885.50000","4950.50000","0.00","0.00","-150.00","-15.00","3.00","[sl 4885.500]","True","False","92666542","BRL","True","-15.0"
"903483813","1193105488","2022-05-23 14:20:01","WDOM22","1.00","buy","in","4816.50000","4801.00000","4866.00000","0.00","0.00","0.00","0.00","0.00","231421/15.000/0/RC-Filtros WDO","False","False","92666542","BRL","True","0.0"
"903617862","1193359440","2022-05-23 17:00:00","WDOM22","1.00","sell","out","4817.00000","4801.00000","4866.00000","0.00","0.00","5.00","-7.00","9.00","231421/15.000/0/RC-Filtros WDO","False","False","92666542","BRL","True","0.5"
"904134542","1194033672","2022-05-24 11:20:00","WDOM22","1.00","buy","in","4821.50000","4805.50000","4870.50000","0.00","0.00","0.00","0.00","0.00","241121/15.000/0/RC-Filtros WDO","False","False","92666542","BRL","True","0.0"
"904183273","1194088937","2022-05-24 11:29:42","WDOM22","1.00","sell","out","4805.50000","4805.50000","4870.50000","0.00","0.00","-160.00","-16.00","0.00","[sl 4805.500]","True","False","92666542","BRL","True","-16.0"
"905573776","1195911811","2022-05-25 13:30:01","WDOM22","1.00","buy","in","4865.50000","4850.00000","4915.00000","0.00","0.00","0.00","0.00","0.00","251331/15.000/0/RC-Filtros WDO","False","False","92666542","BRL","True","0.0"
"905661899","1196039480","2022-05-25 14:43:15","WDOM22","1.00","sell","out","4850.00000","4850.00000","4915.00000","0.00","0.00","-155.00","-15.50","2.00","[sl 4850.000]","True","False","92666542","BRL","True","-15.5"
"906225909","1196833073","2022-05-26 11:05:01","WDOM22","1.00","sell","in","4805.00000","4820.00000","4755.00000","0.00","0.00","0.00","0.00","0.00","261106/15.000/0/RC-Filtros WDO","False","False","92666542","BRL","True","0.0"
"906272868","1196903219","2022-05-26 11:29:01","WDOM22","1.00","buy","out","4791.00000","4820.00000","4755.00000","0.00","0.00","140.00","-8.50","21.00","[sl 4791.000]","True","False","92666542","BRL","True","14.0"
"907177669","1198348303","2022-05-27 13:20:01","WDOM22","1.00","buy","in","4739.50000","4724.00000","4789.00000","0.00","0.00","0.00","0.00","0.00","271321/15.000/0/RC-Filtros WDO","False","False","92666542","BRL","True","0.0"
"907370047","1198634648","2022-05-27 17:12:41","WDOM22","1.00","sell","out","4740.50000","4724.00000","4789.00000","0.00","0.00","10.00","-9.50","8.50","271321/15.000/0/RC-Filtros WDO","False","False","92666542","BRL","True","1.0"
"907739168","1199144223","2022-05-30 11:44:59","WDOM22","1.00","buy","in","4736.50000","4721.00000","4786.00000","0.00","0.00","0.00","0.00","0.00","301146/15.000/0/RC-Filtros WDO","False","False","92666542","BRL","True","0.0"
"907999463","1199515289","2022-05-30 15:16:37","WDOM22","1.00","sell","out","4741.50000","4721.00000","4786.00000","0.00","0.00","50.00","-8.50","12.50","[sl 4741.500]","True","False","92666542","BRL","True","5.0"
"909334313","1201324012","2022-06-01 10:30:01","WDON22","1.00","buy","in","4794.00000","4778.50000","4843.50000","0.00","0.00","0.00","0.00","0.00","011031/15.000/0/RC-Filtros WDO","False","False","92666542","BRL","True","0.0"
"909472040","1201494986","2022-06-01 11:01:54","WDON22","1.00","sell","out","4799.00000","4778.50000","4843.50000","0.00","0.00","50.00","-9.50","14.50","[sl 4799.000]","True","False","92666542","BRL","True","5.0"
"911885532","1204992522","2022-06-03 14:35:00","WDON22","1.00","buy","in","4828.00000","4812.50000","4877.50000","0.00","0.00","0.00","0.00","0.00","031436/15.000/0/RC-Filtros WDO","False","False","92666542","BRL","True","0.0"
"911997235","1205255990","2022-06-03 17:04:51","WDON22","1.00","sell","out","4817.50000","4812.50000","4877.50000","0.00","0.00","-105.00","-14.00","8.50","031436/15.000/0/RC-Filtros WDO","False","False","92666542","BRL","True","-10.5"
"912640103","1206310551","2022-06-06 14:40:01","WDON22","1.00","sell","in","4821.50000","4837.00000","4772.00000","0.00","0.00","0.00","0.00","0.00","061441/15.000/0/RC-Filtros WDO","False","False","92666542","BRL","True","0.0"
"912710234","1206480008","2022-06-06 15:51:23","WDON22","1.00","buy","out","4837.00000","4837.00000","4772.00000","0.00","0.00","-155.00","-15.50","23.50","[sl 4837.000]","True","False","92666542","BRL","True","-15.5"
"912918040","1206825519","2022-06-07 10:00:00","WDON22","1.00","buy","in","4906.50000","4891.00000","4956.00000","0.00","0.00","0.00","0.00","0.00","071001/15.000/0/RC-Filtros WDO","False","False","92666542","BRL","True","0.0"
"912940843","1206850450","2022-06-07 10:03:41","WDON22","1.00","sell","out","4911.50000","4891.00000","4956.00000","0.00","0.00","50.00","-6.50","11.00","[sl 4911.500]","True","False","92666542","BRL","True","5.0"
"914291554","1209006708","2022-06-08 12:00:00","WDON22","1.00","buy","in","4904.50000","4889.00000","4954.00000","0.00","0.00","0.00","0.00","0.00","081201/15.000/0/RC-Filtros WDO","False","False","92666542","BRL","True","0.0"
"914320741","1209052066","2022-06-08 12:19:15","WDON22","1.00","sell","out","4889.00000","4889.00000","4954.00000","0.00","0.00","-155.00","-15.50","6.50","[sl 4889.000]","True","False","92666542","BRL","True","-15.5"
"914931656","1209898371","2022-06-09 10:00:01","WDON22","1.00","buy","in","4917.50000","4902.50000","4967.50000","0.00","0.00","0.00","0.00","0.00","091001/15.000/0/RC-Filtros WDO","False","False","92666542","BRL","True","0.0"
"914989215","1209969724","2022-06-09 10:16:28","WDON22","1.00","sell","out","4930.50000","4902.50000","4967.50000","0.00","0.00","130.00","-5.50","21.00","[sl 4930.500]","True","False","92666542","BRL","True","13.0"
"916717432","1212364125","2022-06-10 14:44:59","WDON22","1.00","sell","in","5011.50000","5026.50000","4961.50000","0.00","0.00","0.00","0.00","0.00","101446/15.000/0/RC-Filtros WDO","False","False","92666542","BRL","True","0.0"
"916873210","1212591167","2022-06-10 17:22:47","WDON22","1.00","buy","out","5012.00000","5026.50000","4961.50000","0.00","0.00","-5.00","-8.50","10.00","101446/15.000/0/RC-Filtros WDO","False","False","92666542","BRL","True","-0.5"
"917104940","1212895971","2022-06-13 10:15:01","WDON22","1.00","buy","in","5102.50000","5087.50000","5152.50000","0.00","0.00","0.00","0.00","0.00","131016/15.000/0/RC-Filtros WDO","False","False","92666542","BRL","True","0.0"
"917172439","1212986186","2022-06-13 10:29:21","WDON22","1.00","sell","out","5107.50000","5087.50000","5152.50000","0.00","0.00","50.00","0.00","14.50","[sl 5107.500]","True","False","92666542","BRL","True","5.0"
"918976324","1215621999","2022-06-14 13:44:59","WDON22","1.00","buy","in","5175.00000","5159.50000","5224.50000","0.00","0.00","0.00","0.00","0.00","141346/15.000/0/RC-Filtros WDO","False","False","92666542","BRL","True","0.0"
"919007252","1215670180","2022-06-14 14:07:14","WDON22","1.00","sell","out","5159.50000","5159.50000","5224.50000","0.00","0.00","-155.00","-15.50","2.50","[sl 5159.500]","True","False","92666542","BRL","True","-15.5"
"919405121","1216275935","2022-06-15 10:10:03","WDON22","1.00","buy","in","5148.50000","5133.50000","5198.50000","0.00","0.00","0.00","0.00","0.00","151011/15.000/0/RC-Filtros WDO","False","False","92666542","BRL","True","0.0"
"919551773","1216480511","2022-06-15 10:55:48","WDON22","1.00","sell","out","5133.50000","5133.50000","5198.50000","0.00","0.00","-150.00","-15.00","8.00","[sl 5133.500]","True","False","92666542","BRL","True","-15.0"
"921910272","1219535446","2022-06-20 12:00:00","WDON22","1.00","sell","in","5169.50000","5185.00000","5120.00000","0.00","0.00","0.00","0.00","0.00","201201/15.000/0/RC-Filtros WDO","False","False","92666542","BRL","True","0.0"
"922032137","1219682170","2022-06-20 13:03:49","WDON22","1.00","buy","out","5164.50000","5185.00000","5120.00000","0.00","0.00","50.00","-9.00","10.50","[sl 5164.500]","True","False","92666542","BRL","True","5.0"
"923536435","1221853250","2022-06-22 10:34:59","WDON22","1.00","buy","in","5193.00000","5178.50000","5243.50000","0.00","0.00","0.00","0.00","0.00","221036/15.000/0/RC-Filtros WDO","False","False","92666542","BRL","True","0.0"
"923574946","1221894282","2022-06-22 10:42:17","WDON22","1.00","sell","out","5178.50000","5178.50000","5243.50000","0.00","0.00","-145.00","-15.00","3.50","[sl 5178.500]","True","False","92666542","BRL","True","-14.5"
"924436587","1223050146","2022-06-23 10:00:00","WDON22","1.00","sell","in","5186.50000","5202.00000","5137.00000","0.00","0.00","0.00","0.00","0.00","231001/15.000/0/RC-Filtros WDO","False","False","92666542","BRL","True","0.0"
"924815540","1223484759","2022-06-23 11:17:18","WDON22","1.00","buy","out","5202.00000","5202.00000","5137.00000","0.00","0.00","-155.00","-15.50","8.00","[sl 5202.000]","True","False","92666542","BRL","True","-15.5"
"926092014","1225140017","2022-06-24 11:24:59","WDON22","1.00","sell","in","5225.50000","5240.50000","5175.50000","0.00","0.00","0.00","0.00","0.00","241126/15.000/0/RC-Filtros WDO","False","False","92666542","BRL","True","0.0"
"926106483","1225157370","2022-06-24 11:28:11","WDON22","1.00","buy","out","5220.50000","5240.50000","5175.50000","0.00","0.00","50.00","-3.50","10.50","[sl 5220.500]","True","False","92666542","BRL","True","5.0"
